BARCODE,DESCRIPTION,CODE
3068320133133,EVIAN BLUEY KIDS 0.33L,EV4202
3068320109657,EVIAN MINIRAL WATER 330ML,EV4142
1701010008022,EVIAN MINIRAL WATER  330MX6,EV4144
3068320109596,EVIAN MINIRAL WATER  500ML,EV4137
3068320014067,EVIAN PET RPET 0.75LX12,EV4236
3068320111094,EVIAN MINIRAL WATER 1L,EV4140
3068320001128,EVIAN MINERAL WATER 1.5L,EV4160
3068320103648,EVIAN GLASS MINERAL WATER 330ML,EV3123
0767571721337,EVIAN GLASS 4X330ML MP,EV4147
1701020008333,EVIAN GLASS 330ML X 4,EV4145
3068320103396,EVIAN GLASS MINERAL WATER 750ML,EV3124
0731551988317,EVIAN MINERAL WATER 330MX24 18+6,EV6420
6297001056356,EVIAN MINIRAL WATER  330ML X 24 SP,EV7202
0791689058740,EVIAN 330ML X 6 @ SPECIAL OFFER,EV7205
6297001056653,EVIAN BLUEY KIDS 330ML SPECIAL OFFER,EV8201
6297001056257,EVIAN 500ML X 24 @ SPECIAL OFFER,EV6321
0791689058863,EVIAN MINERAL WATER 500MLX12 SPECIAL OFFER NEW,EV6306
1701010007926,EVIAN MINIRAL WATER 0.5LX5+1,EV6300
0791689057392,EVIAN PET RPET 4X0.75L MP,EV4260
0726367629363,EVIAN MINERAL WATER1.5L4+2,EV7100
6297001056332,EVIAN MINIRAL WATER 1.5L X 6 SP,EV7200
0791689058856,EVIAN 1.5LX4@SPECIAL OFFER NEW,EV7206
6297001056479,EVIAN MINERAL WATER 1.5LX 6 50% OFF,EV7006
3068320127675,EVIAN SPARKLING GLASS  330ML,ES1000
6297001056196,EVIAN SPARKLING GLASS  330MLX 4 SP,ES6002
6297001056165,EVIAN SPARKLING GLASS  330ML X 4,ES6001
3068320129402,EVIAN SPARKLING CAN 330ML,ES1100
6297001056325,EVIAN SPARKLING CAN 330MLX 4,ES6003
3068320127514,EVIAN SPARKLING GLASS  750ML,ES2000
6297001056172,EVIAN SPARKLING 330ML 4X330 ML DUO MP,ES6000
6297001056431,EVIAN SPARKLING CAN 330ML X4 SP,ES6004
6297001056660,EVIAN SPARKLING GLASS 330MLX4 @SPECIAL OFFER,ES6009
0079298300086,EVIAN BRUMI SKIN CARE ATOMIZER 50ML,BU3209
3468081500791,EVIAN BRUMI MIST CALM 100ML,BU4002
3468081500814,EVIAN BRUMI MIST GLOW 100ML,BU4001
3468081500807,EVIAN BRUMI MIST PROTECT 100ML,BU4000
0079298300024,EVIAN BRUMISATEUR 150ML,BU3220
3068320012490,EVIAN BRUMI SPRAY 300ML,BU3225
6297001056455,EVIAN BRUMISATEUR 2X50ML,BU6006
0079298300567,EVIAN BRUMISATEUR 2X50ML 1+1 FREE ECOM,BU6007
8888370785244,EVIAN BRUMISATEUR BRUMI 3X50ML SPECIAL OFFER,BU3294
6605010000312,EVIAN BRUMISATEUR BRUMI TRIO BOX DDF,BU6002
3057640256288,VOLVIC 0.33L X 24,VO5110
1701020006735,VOLVIC MINERAL WATER 330MLX6,VO5111
3057640253133,VOLVIC  MINERAL WATER 0.5L,VO5120
3057640245978,VOLVIC WATER SPORTS CAP 75CL,VO5130
3057640256523,VOLVIC 1.5L X 6,VO5150
0731551988331,VOLVIC 330ML X 24 @ SPECIAL OFFER,VO7042
0791689058757,VOLVIC 330ML X 6 @ SPECIAL OFFER,VO7045
0791689058887,VOLVIC 500MLX12 SPECIAL OFFER NEW,VO7036
6297001056394,VOLVIC MINERAL WATER 500ML X6 SP,VO7101
1701020000221,VOLVIC  MINERAL WATER 500 ML 4+2 FREE,VO7030
1701020001433,VOLVIC 500ML X6 @SPECIAL OFFR ECOM,VO7031
0791689058870,VOLVIC  MINERAL WATER 1.5LX4 SPECIAL OFFER NEW,VO7016
1701010013927,VOLVIC WATER 1.5L 4+2,VO7010
0032733845788,VOLVIC 1.5L X 6 @SPECIAL OFFR ECOM,VO7000
6297001056387,VOLVIC MINERAL WATER1.5L X6 SP,VO7103
0000080833468,LOACKER PATISSERIE COCONUT 21G,LK3641
8000380201501,LOACKER PATISSERIE COCONUT 10X(3X21G),LK3643
0000080820956,LOACKER PATISSERIE CREME 21G,LK3631
8000380201488,LOACKER PATISSRE NOISETTE 10X(3X21G),LK3642
0000080001690,LOACKER MILK & CERALS CHOCO 25G,LK3423
0000080001447,LOACKER SANDWICH HAZELNUT 25G,LK3315
0000080001362,LOACKER SANDWICH VANILLA 25G,LK3316
0000080001355,LOACKER SANDWICH CHOCO 25G,LK3317
0000080001478,LOACKER SANDWICH DRK CHCO 25G,LK3314
8000380005567,LOACKER SANDWICH CHOCOLATE 28X75G,LK3427
0000080001218,LOACKER NAPOLITANER 45GR,LK3508
8000380000517,LOACKER NAPOLITANER MULTIPACK 45GX5,LK3568
0000080001263,LOACKER CREMKAKAO 45GR,LK3506
8000380000562,LOACKER CREMKAKAO MULTIPACK 45GX5,LK3566
0000080001249,LOACKER VANILLA CREAM FILLED 45GR,LK3505
8000380000548,LOACKER VANILLA MULTIPACK 45GX5,LK3565
0000080001270,LOACKER MILK CREAM 45GR,LK3507
8000380000579,LOACKER MILK MULTIPACK 45GX5,LK3567
0000080001539,LOACKER COCOA & MILK 45G,LK3600
0000080972969,LOACKER DOUBLE CHOC 45G,LK3610
0000080001157,LOACKER PEANUT 45G,LK4100
8000380153442,LOACKER CLASSIC NAPOLITANER 90G X 28,LK3331
8000380153466,LOACKER CLASSIC CREMKAKAO 90GX28,LK3332
8000380153480,LOACKER CLASSIC VANILLE 90G X 28,LK3330
0000080001188,LOACKER MULTIGRAIN CHOCOLAT 45G,LK4201
0000080001171,LOACKER MULTIGRAIN HAZELNUT 45G,LK4200
8000380206292,LOACKER MULTIGRAIN CHOCOLATE 110G,LK4206
8000380206285,LOACKER MULTIGRAIN HAZELNUT 110G,LK4205
0000080001201,LOACKER LESS SUGAR HZLNUT 45G,LK4202
0000080001300,LOACKER LESS SUGAR CHOCOLATE 45G,LK4212
8000380206445,LOACKER LESS SUGAR HZLNUT 110G,LK4207
8000380206452,LOACKER LESS SUGAR CHOCOLATE 110G,LK4211
8000380187348,LOACKER DARK CHOC CHIP 96G,LK3853
8000380194308,LOACKER PATISSERIE  CREME NOISETTE 99.6G,LK3901
8000380194322,LOACKER PATISSERIE  COCO.99.6G,LK3902
8000380003723,LOACKER PATISSERIE  CREME NOISETTE 100GR,LK3546
8000380003761,LOACKER PATISSERIE COCONUT 100GR,LK3548
8000380003754,LOACKER PASTICERIA CAPUCCINO 100G,LK3547
8000380180837,LOACKER PATISSERIE  WHITE HAZELNUT 100G,LK3524
8000380148035,LOACKER PASTICERIA DARKHAZLNUT 100G,LK3549
8000380187256,LOACKER BISCUITS PEANUT BUTTER 100G,LK4103
8000380185337,LOACKER MINIS PENCIL 18X100G,LK3357
8000380187249,LOACKER NUT SELECTION ALMOND 100G,LK3851
8000380187119,LOACKER NUT SELECTION HAZELNUT 100G,LK3850
8000380187300,LOACKER GRAN PASTIC SNOW MILK 12X120G,LK3852
8000380201525,LOACKER PATISSERIE CREME 6X21G,LK3630
8000380201549,LOACKER PATISSERIE COCONUT 6X21G,LK3640
8000380001149,LOACKER NAPOLITANER MINIS 150GR,LK3552
8000380001040,LOACKER CREMKAKAO MINIS 150GR,LK3553
8000380154197,LOACKER VANILLA MINIS 150GX7,LK3554
8000380205875,LOACKER PEANUT MINIS 150G,LK4105
8000380001019,LOACKER CLASSIC MINIS 6X200G NAPOLITAI,LK3374
8000380001118,LOACKER CLASSIC MINIS 6X200G CREMKAKAO,LK3375
8000380152124,LOACKER CLASSIC MINIS 6X200G VANILLE,LK3373
8000380184682,LOACKER CLASSIC MINIS MIX 4X800G E COM,LK4040
8000380158270,LOACKER RASPBERRY 18X150G,LK3472
8000380007219,LOACKER NAPOLITANER 175 GR,LK3514
8000380007264,LOACKER CREMKAKAO 175GR,LK3512
8000380007240,LOACKER VANILLA 175GR,LK3511
8000380007271,LOACKER MILK 175GR,LK3513
8000380192199,LOACKER DOUBLE CHOC 175G,LK3611
8000380155491,LOACKER LOACKINI DISPENSER 10GX45,LK3500
8000380001446,LOACKER LOACKINI BAG 100 GR,LK3588
8000380158546,LOACKER LOACKINI BAG DARK 100G,LK3589
0000080885559,LOACKER WAFER CUBE NAPO 12X54G,LK4215
0000080879190,LOACKER WAFER CUBE CHOCOLATE 12X54G,LK4214
8000380005918,LOACKER NAPOLITANER 12X125G,LK3531
8000380005949,LOACKER QUAD.VANILLLE 12X125G,LK3530
8000380005925,LOACKER COCONUT12X125G,LK3533
8000380142460,LOACKER QUAD DARK CHOCOLATE 12X125G,LK3529
8000380005963,LOACKER CHOCOLATE 12X125G,LK3532
8000380205486,LOACKER QUADRATINI PEANUT 12X125G,LK4107
8000380004676,LOACKER QUADRATINI MILK VANILLA 200GR,LK3525
8000380158294,LOACKER RASPBERRY 18X220G,LK3473
8000380004881,LOACKER QUADRATINI TIRAMISU 220GR,LK3527
8000380191628,LOACKER QUADRATINI MATCHA  220 G,LK3474
8000380004911,LOACKER QUADRATINI NAPOLITANE 250GR,LK3535
8000380004942,LOACKER QUADRATINI VANILLA 250G,LK3537
8000380004928,LOACKER QUADRATINI COCONUT 250G,LK3538
8000380192588,LOACKER QUADRATINI DBLE CHOC 250G,LK3612
8000380142484,LOACKER QUADRATINI DARK CHOCO 250G,LK3539
8000380004966,LOACKER QUADRATINI KAKAO 250GR,LK3536
8000380180745,LOACKER QUADRATINI COCOA & MILK QUAD 250G,LK3540
8000380154173,LOACKER QUADRATINI 275GX18 NAPOLITANER,LK3381
0000080001287,LOACKER GARDENA HAZELNUT 38GR,LK3509
0000080001911,LOACKER GARDENA WHITE HAZELNUT 38G,LK3801
0000080001461,LOACKER GARDENA CHOCOLATE 38GR,LK3409
0000080001485,LOACKER GARDENA COCONUT 38GR,LK3406
0000080864059,LOACKER GARDENA PEANUT 38G,LK4102
8000380152704,LOACKER GARDENA HAZELNUT MINIS 125G,LK3573
8000380181032,LOACKER GARDENA WHITE HAZELNUT  MINIS 125G,LK3571
8000380152728,LOACKER GARDENA CHOCOLATE MINIS 125G,LK3572
8000380005284,LOACKER GARDENA HAZELNUT 38GRX5,LK3569
8000380141913,LOACKER GARDENA CHOCOLATE 5X38G,LK3469
8000380144013,LOACKER GARDENA COCONUT 5X38G,LK3466
8000380144044,LOACKER GARDENA CHOCOLATE 200G,LK3579
8000380007257,LOACKER GARDENA HAZELNUT 200GR,LK3578
8000380154791,LOACKER PATISSERIE TORTINA 21GX3X12 ORI,LK3364
0000080001027,LOACKER TORTINA ORIGINAL 21GR,LK3503
0000080001799,LOACKER TORTINA WHITE 21G,LK3504
0000080854357,LOACKER TORTINA TRIPLE DARK 21G,LK3613
0000080820970,LOACKER TORTINA CARAMEL 21G,LK3620
0000080809265,LOACKER TORTINA PEANUT 21G,LK4104
8000380000388,LOACKER TORTINA 90GR,LK3415
8000380106028,LOACKER TORTINA BISCUITS 125GR,LK3510
8000380153534,LOACKER TORTINA WHITE 125G,LK3515
8000380201396,LOACKER TORTINA CARAMEL 126G,LK3621
8000380207183,LOACKER TORTINA PEANUT 126G,LK4106
8000380197507,LOACKER GP TORTINA SELC PUCH 15X189G,LK3489
0000080940272,LOACKER BREAK3 HAZELNUT 19G,LK4113
8000380215799,LOACKER BREAK3 HAZN MULTIPCK 4X19G,LK4110
8000380214815,LOACKER CHOCLTERIE DRK 10X(4X17.5G),LK4325
0000080820994,LOACKER CHOC BAR STRACCIATELLA 12X50G,LK3402
8000380214976,LOACKER CHOCOLATERIE DARK 20X59G,LK4327
8000380215959,LOACKER BISCUITS COCOA 80G,LK4310
8000380215843,LOACKER BISCUIT HAZELNUT 80G,LK4311
8000380215867,LOACKER BISCUIT PEANUT 80G,LK4312
8000380211302,LOACKER CHOCO MINI ALPN MLK 15X102G,LK4002
8000380186129,LOACKER CHOCO MINI NAPO 15X111.6G,LK4001
8000380215133,LOACKER CHOCOLATERIE DARK BAG 114G,LK4329
8000380215126,LOACKER CHOCOLATERIE MILK BAG 114G,LK4328
8000380214914,LOACKER CHOCOLATERIE DARK 118G,LK4323
8000380214907,LOACKER CHOCOLATERIE MILK 118G,LK4322
8000380213245,LOACKER DARK CHOCOLATERIE 13X145G,LK4321
8000380212996,LOACKER ROSE DOLOMITES MILK 9X300G,LK3300
8000380208371,LOACKER NAPOLI CRߍE SPREAD 6X290G,LK4300
8000380197415,LOACKER CLSC MIX BIG PACK 8X270G,LK3486
8000380213498,LOACKER ICE CREAM NAPOLITANER 66GX4,LI3297
8000380213511,LOACKER ICE CREAM ALPINE MILK 66GX4,LI3298
8000380213504,LOACKER ICE CREAM TORTINA 66GX4,LI3299
0791689057460,LOACKER PATISSERIE ASSRT. 21G 5+1,LK7005
0791689058733,LOACKER NAPOLITANER 45G 4+1 FREE,LK6504
0791689058719,LOACKER CREMKAKAO 45G 4+1 FREE,LK6502
0791689058702,LOACKER VANILLE M/PACK 45G 4+1 FRE,LK6501
0791689058726,LOACKER MILK MULTI PACK 45G 4+1 FRE,LK6503
8000380212361,LOACKER MULTI PACK 3X45G,LK6006
0791689056395,LOACKER CLASSIC 90G 2+1 FREE,LK3727
8000380145096,LOACKER NAPOLI 45GX8+2,LK3596
8000380155828,LOACKER NAPOLITANER 18 X (5X45G) 4+1,LK3668
8000380145089,LOACKER KAKAO 45GX8+2,LK3594
8000380155835,LOACKER CREMKAKAO 18 X (5X45G) 4+1 PRO,LK3666
8000380155811,LOACKER VANILLE 18 X (5X45G) 4+1 PRO,LK3665
8000380182589,LOACKER MILK 18 X (5X45G) 4+1 PRO,LK3667
0791689056494,LOACKER MINIS 2X150G@SPECIAL OFFER,LK3717
0791689056531,LOACKER CLASSIC MINIS 2X200G@SPLOFR,LK6310
8000380184668,LOACKER CLASSIC MINIS 200GX6 MIX,LK4030
0791689056289,LOACKER 2X175G @SPECIAL OFFER,LK3722
0791689056258,LOACKER QUAD 2X125G SPECIAL OFFER,LK3677
0791689056296,LOACKER QUADRATINI 2X250G@SPECIAL OFFR,LK3719
0791689056340,LOACKER GAR HZ 5X38G @SPL OFR,LK6313
8000380009145,LOACKER GARDENA HAZELNUT 38GX4+1FREE,LK3564
8000380207138,LOACKER GARDENA PEANUT 18X5X38G 4+1,LK4112
0791689056609,LOACKER TORTINA MINI 2X90G SPCL OFFER,LK3718
8000380141265,LOACKER TORTINA 21GX5+1 FREE,LK3517
0791689058030,LOACKER CHOCO BAR NAPO 2X54G@10%OFF,LK6319
6223006311299,ABU AUF EGP MAAMOUL MEDJOOL DATE 12X23G,AG2300
6223011435171,ABU AUF EGP PEANUT BUTTER PUFFS 12X40G,AG2403
6223011431081,ABU AUF EGP PUFFS CHEESE & SPICE 20X60G,AG2401
6223011431135,ABU AUF EGP PUFFS TOMATO & BASIL 20X60G,AG2402
6223011431128,ABU AUF EGP SOUR CREAM ONION PUF 20X60G,AG2400
6223006319202,ABU AUF EGP BAKD SEA SALT VINEGR 15X70G,AG2102
6223006319240,ABU AUF EGP BAKED PRETZEL BBQ 15X70G,AG2100
6223006319189,ABU AUF EGP BAKED PRETZEL CHEESE 15X70G,AG2101
6223006319172,ABU AUF EGP BAKED PRETZEL KETCHUP15X70G,AG2103
6223011431050,ABU AUF EGP CHEESE BISCUIT 12X80G,AG2201
6223011431074,ABU AUF EGP PIZZA BISCUIT 12X80G,AG2202
6223011431067,ABU AUF EGP SALTED BISCUIT 12X80G,AG2200
6223004765407,ABU AUF EGP DARK COFEE CARDAMOM 12X200G,AG2000
6223004765377,ABU AUF EGP DARK PLAIN COFFEE 12X200G,AG2003
6223004765384,ABU AUF EGP LIGHT COFEE CARDMOM 12X200G,AG2001
6223004765353,ABU AUF EGP LIGHT PLAIN COFFEE 12X200G,AG2004
6223004765391,ABU AUF EGP MEDIUM COFEE CARDMOM12X200G,AG2002
6223004765360,ABU AUF EGP MEDIUM PLAIN COFFEE 12X200G,AG2005
6223006310759,ABU AUF EGP SAHARA ALMOND DATES 10X300G,AG2301
6223006310773,ABU AUF EGP SAHARA CHOCO DATES 10X300G,AG2302
0794969719348,ABU AUF UAE PISTCHO KUNAFA 20X45G,AB1002
0794969721143,ABU AUF UAE PISTACHIO KUNAFA ROLL 14X150G,AB1200
0794969720573,ABU AUF UAE SPECULOOS KUNAFA ROLL 14X150G,AB1201
0694485585420,ABU AUF UAE PISTACHIO KUNAFA DARK 190G,AB1006
0794969719355,ABU AUF UAE PISTACHIO KUNAFA BAR 195G ECOM,AB1001
0794969721150,ABU AUF UAE DRAGEE ALMOND MILK CHOC 20X50G,AB1102
0794969720627,ABU AUF UAE DRAGEE HONEY COMB MARBL 20X50G,AB1103
0794969720603,ABU AUF UAE DRAGEE PECAN MILK CHOCO 20X50G,AB1100
0794969721167,ABU AUF UAE DRAGEE PECAN WHITE CHOC 20X50G,AB1101
0000023156708,ASATEER PG PREMIUM BAKLAWA 6X310G,AR2104
9050482319856,ASATEER LULU BAKLAWA SUGAR FREE 6X350G,AR2111
2055277799018,ASATEER PG BKLW NO SUGAR 6X350G,AR2105
0603765380082,ASATEER ASSRTD BAKLAWA 10X375G,AR1000
0603765380204,ASATEER ASRTD BAKLAWA 10X550G,AR1002
0637740853407,ASATEER BAKLAWA SUGARFREE 10X550G,AR1102
0000028923978,ASATEER PETIT LFD PREMIUM BKLW 6X600G,AR2101
0603765380198,ASATEER ASRTD BAKLAWA 10X750G,AR1001
0603765380358,ASATEER FING CSH BAKLW 10X770G,AR1003
9505262009033,ASATEER LULU GOURMET BAKLAWA 6X800G,AR2109
0713289457457,ASATEER BURJ KHALIFA TIN CAN 6X250G,AR2107
0713289457464,ASATEER BURJ AL ARAB TIN CAN 6X280G,AR2106
2200002574334,ASATEER LULU CERAMIC CHOC GIFT 4X1.2KG,AR2013
2200002574365,ASATEER LULU CERAMIC CHOC GIFT 3X1.5KG,AR2014
0603765380099,ASATEER ASD BILBOLNEST 10X220G,AR1004
0603765380136,ASATEER BARAZEK & GHORAYBA 10X255G,AR1100
9506101975380,ASATEER LULU CROQUANT 6X300G,AR2110
9521041980324,ASATEER LULU PISTA & CASHEW 6X350G,AR2108
0000028918202,ASATEER VARIETY OF FLAVOURS 6X350G,AR2102
0000029448975,ASATEER PG PREMIUM NOUGAT 6X400G,AR2103
9508231977333,ASATEER LULU DATES CHOCOLATE 6X500G,AR2112
0603765380211,ASATEER ASD BILBOLNEST 10X510G,AR1005
0000028901280,ASATEER PETIT GRMT PISTA CASHW 6X800G,AR2100
5022019960316,BELVOIR FARM NA LIME YUZU MOJTO 12X250ML,BF2101
5022019920310,BELVOIR FARM PEACH BELLINI 12X250ML,BF2100
5022019590711,BELVOIR FARM ELDERFLWR & ROSE 12X275ML,BF1020
5022019060719,BELVOIR FARM FRESH LEMONADE 12X275ML,BF1040
5022019090716,BELVOIR FARM GINGER BEER 12X275ML,BF1010
5022019480715,BELVOIR FARM RASPBERRY LEMONADE 12X275ML,BF1030
5022019010714,BELVOIR FARM SPRKLNG ELDRFLOWER12X275ML,BF1000
5022019361915,BELVOIR SPARKLING D&L ELDRFLWR 330ML CN,BF2002
5022019261918,BELVOIR SPARKLING D&L MNG&PCH 330ML CN,BF2000
5022019251919,BELVOIR LEMONADE D&L RASPBERY 330ML CN,BF2001
5022019510207,BELVOIR CORDIAL NAS APL&BLKCRNT 500ML,BF5001
5022019560202,BELVOIR CORDIAL BLBRY & BLKCRNT 500ML,BF4003
5022019010202,BELVOIR CORDIAL ELDERFLOWER 500ML,BF4000
5022019590209,BELVOIR CORDIAL ELDERFLOWER&ROSE 500ML,BF4002
5022019090204,BELVOIR CORDIAL GINGER 500ML,BF4001
5022019280209,BELVOIR CORDIAL NAS MNG & PASN 500ML,BF5002
5022019480203,BELVOIR FARM RASPBERY & LEMON 6X500ML,BF4004
5022019310203,BELVOIR CORDIAL NAS LMN & LIME 500ML,BF5000
5022019590117,BELVOIR SPARKLING ELDER & ROSE 750ML,BF1021
5022019060115,BELVOIR LEMONADE  FRESH SQUZD 750ML,BF1041
5022019090112,BELVOIR GINGER BEER 750ML,BF1011
5022019930111,BELVOIR NA LIME&YUZU MOJITO 750ML,BF3002
5022019860111,BELVOIR NA PEACH BELLINI 750ML,BF3001
5022019480111,BELVOIR LEMONADE RASPBERRY 750ML,BF1031
5022019010110,BELVOIR SPARKLING ELDERFLOWER 750ML,BF1001
0850028291481,BENOIT COCOA PWD GRANDA6X200G,BN1302
0637740852462,BENOIT DARK CH NUGET SF 6X380G,BN1111
0637740852424,BENOIT DARK CHOC NUGET 6X380G,BN1112
0637740852417,BENOIT DARK CHOC NUGET 6X380G,BN1113
0637740852479,BENOIT MILK CH NUGET SF 6X380G,BN1110
0637740852431,BENOIT MILK CHOC NUGET 6X380G,BN1114
0637740852455,BENOIT DARK CHC CHIP 6X400G,BN1200
0637740852639,BENOIT-COLOR VERMICELLI 6X400G,BN1500
0637740852615,BENOIT-MILK VERMICELLI 6X400G,BN1502
0637740852493,BENOIT DARK CHOC BLOCK 12X500G,BN1000
0637740852509,BENOIT MILK CHOC BLOCK 12X500G,BN1002
0637740852486,BENOIT RAW CHOC BLOCK 10X500G,BN1004
0637740852516,BENOIT WHITE CHO BLOCK 12X500G,BN1001
0637740852530,BENOIT HZLNT CREAM 6X500G,BN1400
0637740852547,BENOIT PISTA CREAM 6X500G,BN1401
0792671538622,BENOIT ALMOND NUTS SPREAD 12X1KG,BN1601
0762983667631,BENOIT CASHEW BUTTER SPREAD 12X1KG,BN1600
3229820792927,BJORG ORG DARK CHOC BISCUIT 150G,BJ1000
3229820792767,BJORG BISCUIT APRICOT FILLING 175G,BJ1004
3229820791067,BJORG ORG BLUE BISC 175G,BJ1003
3229820791074,BJORG ORG RASP BISC 175G,BJ1002
3229820791081,BJORG ORG HONEY WAFFLES 175G,BJ1001
3229820794549,BJORG FIBRE MUESLI 375G,BJ1013
3229820129488,BJORG MUESLI FRUITS 375G,BJ1008
3229820794556,BJORG PROTEIN MUESLI 375G,BJ1014
3229820019307,BJORG OAT FLAKES 500G,BJ1015
3229820787015,BJORG SUGAR FREE ALMND MILK 1L,BJ1020
3229820787008,BJORG CALCIUM ALMOND MILK 1L,BJ1018
3229820803050,BJORG BARISTA ALMOND MILK 6X1L,BJ1131
3229820803067,BJORG BARISTA OAT 6X1LTR,BJ1132
3229820784946,BJORG CHOCOLATE ALMOND MILK 1L,BJ1122
3229820797922,BJORG COCONUT NO ADDED SUGAR MILK1L,BJ1128
3229820792132,BJORG OAT DRINK MILK1L,BJ1024
3229820019611,BJORG BOISSON SOJA CALCIUM MILK1L,BJ1016
3229820019604,BJORG SOYA DRNK MILK1L,BJ1017
3229820783338,BJORG SPLT & HZL NO ADDED SUG MILK1L,BJ1025
3229820789002,BJORG VANILLA ALMOND MILK 1L,BJ1123
3229820793689,BJORG VANILLA SOY DRINK 12X1L,BJ1030
0791689057613,BJORG ALMOND MILK 1LX2,BJ6000
0791689057620,BJORG ALMOND & CHOCO MILK 1LX2,BJ6001
0857438007046,BLUE BELL IC BUTTERED PECAN 10X473ML,BB1000
0857438007091,BLUE BELL IC COOKIES N CREAM 10X473ML,BB1001
0857438007114,BLUE BELL IC DUTCH CHOCOLATE 10X473ML,BB1002
0857438007138,BLUE BELL IC HOMEMADE VANILA 10X473ML,BB1003
0857438007237,BLUE BELL IC PISTACHIO ALMND 10X473ML,BB1004
0857438007275,BLUE BELL IC THE GREAT DIVIDE10X473ML,BB1105
0857438007459,BLUE BELL IC BUTTERED PECAN 4X1.89L,BB1100
0857438007480,BLUE BELL IC CHOC CHIP COOKIE 4X1.89L,BB1101
0857438007558,BLUE BELL IC DUTCH CHOCOLATE 4X1.89L,BB1102
0857438007572,BLUE BELL IC HOMEMADE VANILLA 4X1.89L,BB1103
0857438007695,BLUE BELL IC STRAWBERIE VANILA4X1.89L,BB1104
3497917003465,BRETS BRIE & TRUFFLE 10X125G,BR1006
3497917001928,BRETS CAMEMBERT FLAVOR 10X125G,BR1004
3497917000518,BRETS CHEESE & ESPELETTE 10X125G,BR1003
3497917000938,BRETS CHIPS CHEDAR & ONION10X125G,BR1010
3497917000907,BRETS FRENCH JURA CHEESE 10X125G,BR1008
3497917003687,BRETS PESTO MOZZARELLA 10X125G,BR1000
3497911119124,BRETS RIDGE CUT PLAIN 10X125G,BR1007
3497917002734,BRETS SUMMER TRUFFLE 10X125G,BR1001
6297001056677,BRETS ASSORTED CHIPS 2X125G,BR7003
6297001056608,BRETS CHEESE & ESPELETE 2X125G,BR7000
6297001056622,BRETS PSTO MOZRLA&CAMEMBERT2X125G,BR7002
6297001056615,BRETS SUMMER TRUFFLE 2X125G,BR7001
0850061709035,CASA PECN MRBL CHOCO DRGE 8X165G,CA1003
0850061709028,CASA HLZNT MLK CHOCO DRGE 8X200G,CA1002
0850061709011,CASA CSHW MRBL CHOCO DRGE 8X220G,CA1001
0850061709059,CASA ALMD COCONT CHCO DRGE8X230G,CA1005
0850061709004,CASA ALMND DRK CHOCO DRGE 8X230G,CA1000
5289000095703,DARMMESS OLIVE OIL 12X500ML,DM1001
6291108230961,DATE CROWN CHOC DATE W ALMOND 50X100G,DC2000
6291108230251,DATE CROWN ASSRTD CHOC DATE 20X250G,DC2001
6291108233733,DATE CROWN DATE SNACK PACK 16X35G,DC1000
6291108230732,DATE CROWN AJWA DATE 16X55G,DC1007
6291100213429,DATE CROWN KHALAS DATE W/ALMND 12X250G,DC3000
6291108230695,DATE CROWN AJWA DATE 16X400G,DC1006
6291100190003,DATE CROWN AJWA TUB 20X400G,DC1201
6291100213320,DATE CROWN DATE SYRUP 24X400G,DC4000
6291100190027,DATE CROWN KHIDRI TUB 20X400G,DC1200
6291100190010,DATE CROWN SAFAWI TUB 20X400G,DC1202
6291100190072,DATE CROWN 7 EMIRATES DATES 10X500G,DC3005
6291100213146,DATE CROWN FARD DATE POUCH 16X500G,DC1003
6291108233764,DATE CROWN KHALAS DATE POUCH 16X500G,DC1002
6291100213160,DATE CROWN KHENAIZI DATE POUCH 16X500G,DC1005
6291100213184,DATE CROWN LULU DATES POUCH 16X500G,DC1004
6291100190065,DATE CROWN MEDJOUL TUB 16X550G,DC1108
6291100190034,DATE CROWN AJWA TUB 12X800G,DC1301
6291100190058,DATE CROWN KHIDRI TUB 12X800G,DC1300
6291100190041,DATE CROWN SAFAWI TUB 12X800G,DC1302
6291108230701,DATE CROWN MEDJOOL DATE 9X900G,DC1008
6291108233320,DATE CROWN DATE SYRUP 10X950G,DC4001
6291100213368,DATE CROWN DATE PASTE 12X1 KG,DC4002
6291100190119,DATE CROWN FARD TOP BOTTOM 10X1KG,DC1403
6291100213344,DATE CROWN KHALAS DATES 12X1KG,DC1001
6291100191031,DATE CROWN KHALAS TOP BOTTOM 10X1KG,DC1400
6291100190102,DATE CROWN KHENAIZI TOP BOTTOM 10X1KG,DC1402
6291100190096,DATE CROWN LULU TOP BOTTOM 10X1KG,DC1401
6291100191413,DATE CROWN MILK CHOC DATE 12X(3X100G),DC2003
6291100191390,DATE CROWN ASRTD CHOC DATE 12X(3X250G),DC2002
0791689058894,DATE CROWN MEDJOOL 900G @ SPECIAL OFFR,DC7008
6297001056646,DATE CROWN SAMPLES AMAZON,DC7001
6291100194537,DATE CROWN 4 N 1 PLAIN DATE 7X(4X250G),DC1101
6291100217601,DATE CROWN GIFT PCK 6X(3X250G),DC3002
6291100198931,DATE CROWN STUFFED PROMO 12X(3X250G),DC3001
6291100192786,DATE CROWN CRESCENT MOON 10X335G,DC3004
6291100217618,DATE CROWN KHALAS GIFTING 6X(3X350G),DC3003
6291100192106,DATE CROWN FARD 2+1 10X(3X500G),DC1102
6291100191451,DATE CROWN KHALAS 2+1 PCK 10X(3X500G),DC1100
6291100192090,DATE CROWN KHENAIZI 2+1 10X(3X500G),DC1104
6291108233535,DATE CROWN KHUDRI DATE 16X500G,DC1009
6291100192113,DATE CROWN LULU DATE 2+1 10X(3X500G),DC1103
8005121044270,DIVELLA GLUTEN FREE PENNE-400G,DI0092
8005121044089,DIVELLA GLUTEN FREE SPAGHETTI-400G,DI0093
8005121000481,DIVELLA CHIFFERINI LISC24X500G,DI0048
8005121218206,DIVELLA COUSCOUS SEMOLA 12X500G,DI0090
8005121002850,DIVELLA FARFALLE 24X500G,DI0085
8005121000795,DIVELLA FILINI 24X500G,DI0079
8005121000405,DIVELLA FUSILLI 24X500G,DI0040
8005121052404,DIVELLA FUSILLI INTEGRALI 24X500G,DI040I
8005121050400,DIVELLA FUSILLI TRICOLOR 24X500G,DI040C
8005121041088,DIVELLA LASAGNE 12X500G,DI0108
8005121052275,DIVELLA PENNE ZITI R.INTEGRALI 24X500G,DI027I
8005121000276,DIVELLA PENNE ZITI RIGATE 24X500G,DI0027
8005121000092,DIVELLA SPAGHETTINI 36X500G,DI0009
8005121000917,DIVELLA TAGLIATELLE SEMOLA 12X500G,DI0091
8005121218114,DIVELLA RISO CARNAROLI 10X1KG,DI1100
0791689058641,DIVELLA FUSILLI 2X500G @SPECIAL OFFER,DI6103
8005121600278,DIVELLA PENNE ZITI RIGATE 24X500G PROM,DI7001
0791689058436,DIVELLA PENNE ZITI RIGATE 2X500G 1+1FR,DI6101
8005121500097,DIVELLA SPAGHETTINI 36X500G PROMO,DI7002
0791689058658,DIVELLA SPAGHTI 2X500G @SPECIAL OFFER,DI6104
6297001056264,DIVELLA SPGETI RSTRNTE 8 BRNZO 12X500G,DI7000
8005121620917,DIVELLA TAGLIATELLE SEMOLA 12X500G PRO,DI7003
0791689058634,DIVELLA TAGLITELE SEMOLA2X500G@SPL OFF,DI6102
0694485585253,FREAKIN AWESOME CRL ALM DATES 45G,FA1002
0694485585246,FREAKIN AWESOME PB DATES 45G,FA1001
0694485585260,FREAKIN AWESOME PB CHLT DATES 60G,FA1000
0694485585802,FREAKIN AWESOME THINS ALMOND SEA SALT12X60G,FA1012
0694485585772,FREAKIN AWESOME THINS CHOCOLATE CHIP 12X60G,FA1013
0619165423090,FREAKIN AWESOME THINS PISTACHIO 12X60G,FA1014
0619165423106,FREAKIN AWESOME THINS PEANUT SEA SALT12X64G,FA1011
0619165423540,FREAKIN AWESOME GRANOLA CHOCOLATE 12X340G,FA2200
0619165423533,FREAKIN AWESOME GRANOLA CLASSIC 12X340G,FA2202
0619165423557,FREAKIN AWESOME GRANOLA COCONUT 12X340G,FA2203
0619165423564,FREAKIN AWESOME GRANOLA PEANUT 12X340G,FA2201
0744702477790,FREAKIN HEALTHY BROWNIE  RAW CHOCO 25G,FN2302
0744702477813,FREAKIN HEALTHY SNCK BAR PEANUT BTR 12X25G,FN2301
0744702477806,FREAKIN HEALTHY BROWNIE  ALMOND BAR 25G,FN2300
0667619991220,FREAKIN HEALTHY BANANA COOKIE 28G,FN1903
0661706215183,FREAKIN HEALTHY CHOC CHIP COOKIE 12X28G,FN1901
0661706215022,FREAKIN HEALTHY CLASSIC VNLA COOKIE 12X28G,FN1900
0661706215015,FREAKIN HEALTHY DBLE CHOC COOKIE 12X28G,FN1902
0744702477820,FREAKIN HEALTHY BALLS HAZELNUT 60G,FN1203
0744702477844,FREAKIN HEALTHY BALLS RAW CHOCO 60G,FN1201
0618528862804,FREAKIN HEALTHY BALLS PEANUTS 60G,FN1200
0661706215718,FREAKIN HEALTHY P.BALL CARML CRU60G,FN1204
0744702477837,FREAKIN HEALTHY BALLS ALMOND 60G,FN1202
0637740852820,FREAKIN HEALTHY GRANOLA CLASSIC BAR 50G,FN2103
0637740852806,FREAKIN HEALTHY GRANOLA PEANUT BUTTER 50G,FN2102
0637740852837,FREAKIN HEALTHY GRANOLA RAW CHOCOLATE 50G,FN2101
0637740852813,FREAKIN HEALTHY GRANOLA VERY BERRY BAR 50G,FN2100
0736542048582,FREAKIN HEALTHY A.COCONUT BAR 40G,FN1602
6291107890609,FREAKIN HEALTHY ALMOND GOJI BAR 12X40G,FN1801
6291107890623,FREAKIN HEALTHY CACAO CHIA SEED BAR 12X40G,FN1804
0756839951654,FREAKIN HEALTHY R.CHOC ALMD B.BAR40G,FN1504
0736542048568,FREAKIN HEALTHY R.CHOCOALMD RAIS 40G,FN1603
0756839951630,FREAKIN HEALTHY R.CHOCO HAZ B.BAR40G,FN1505
0756839951647,FREAKIN HEALTHY R.CHOCO P.BUTRBAR40G,FN1503
0736542048575,FREAKIN HEALTHY SALT P.BUTR BAR 40G,FN1601
0736542048599,FREAKIN HEALTHY VANI ALMND BAR 40G,FN1600
0756839951715,FREAKIN HEALTHY CARAMEL A.BITES 40G,FN1003
0744702477356,FREAKIN HEALTHY BITES COCONUT BUTTER 40G,FN1000
0744702476410,FREAKIN HEALTHY HAZELNUT BITES 40G,FN1002
0744702476397,FREAKIN HEALTHY PEANUT BITES 40G,FN1001
0756839951722,FREAKIN HEALTHY CAR.ALMOND BITE 80G,FN1103
0744702477363,FREAKIN HEALTHY BITES COCONUT BUTTER 80G,FN1102
0744702476427,FREAKIN HEALTHY BITES HAZELNUT BUTTER 80G,FN1101
0744702476403,FREAKIN HEALTHY BITES PEANUT BUTTER 80G,FN1100
0762983666955,FREAKIN HEALTHY ALMD DIP RW CHO120G,FN1402
0762983666962,FREAKIN HEALTHY CASW DIP RW CHO120G,FN1403
0756839951760,FREAKIN HEALTHY A.CASHEW SPRD 200G,FN2001
0756839951753,FREAKIN HEALTHY CHOCO HAZEL SPRD200G,FN2000
0756839951746,FREAKIN HEALTHY C.CASHEW SPRD 200G,FN2002
0756839951739,FREAKIN HEALTHY P.BUTTER SPRD 200G,FN2003
0756839952644,FREAKIN HEALTHY CHOCO GRANOLA 340G,FN2200
0756839952675,FREAKIN HEALTHY CINNA CLA GRANO 340G,FN2202
0756839952699,FREAKIN HEALTHY COCO GRANOLA 340G,FN2203
0756839952668,FREAKIN HEALTHY PEANUT GRANOLA 340G,FN2201
0791689058122,FREAKIN HEALTHY BALL PEANT 2X60G@SPL,FN6000
0791689058139,FREAKIN HEALTHY BALL HZLNT 2X60G@SPL,FN6001
0022644002448,GIA CAPSULE DECAF 10X55G,GA1004
0022644002257,GIA CAPSULE LUNGO 10X55G,GA1002
0022644002226,GIA CAPSULE MILANO 10X55G,GA1003
0022644002233,GIA CAPSULE RISTRETTO 10X55G,GA1000
0022644002240,GIA CAPSULE VIVACIO 10X55G,GA1001
4100250052562,HITSCHIES BERRY MIX 18X40G,HS1108
4100250052401,HITSCHIES ORIGINAL MIX 18X40G,HS1101
4100250052548,HITSCHIES ORIGINAL MIX 18X40G,HS1109
4100250052555,HITSCHIES SOUR MIX 12X40G,HS1107
4100250007302,HITSCHIES MINI ORGNL MIX24X75G,HS1000
4100250006312,HITSCHIES BERRY MIX 20X125G,HS1104
4100250006701,HITSCHIES COLA 20X125G,HS1005
4003840008690,HITSCHIES DRAGON TNG BERY MIX 20X125G,HS1103
4100250057963,HITSCHIES ORIGINAL MIX 20X125G,HS1001
4100250057789,HITSCHIES SOUR MIX 16X125G,HS1002
4003840008324,HITSCHIES SPIDER LEGS COLA 20X125G,HS2003
4100250006596,HITSCHIES BUBLE GUM FLVR 18X140G,HS1004
4003840001998,HITSCHIES SOUR DRAGON TOUNGUES 32X75G,HS2100
4003840001981,HITSCHIES SOUR OCTOPUS ARMS 32X75G,HS2102
4003840002001,HITSCHIES SOUR SPIDER LEGS 32X75G,HS2101
4003840008874,HITSCHIES LACES STRAWBERRY 15X125G,HS2001
4003840008751,HITSCHIES SAUR DRACHNZNGN BLU 20X125G,HS2006
4003840008843,HITSCHIES SOUR DRAGON TONGUES 20X125G,HS2002
4003840008720,HITSCHIES SOUR OCTOPUS ARMS 20X125G,HS2005
4003840008317,HITSCHIES SOUR SPIDER LEGS 20X125G,HS2004
6298044150032,KEEN HEALTH DARK CHOCO CRACKERS 9G,KH1101
6298044150056,KEEN HEALTH MILK CHOC CRACKERS 9GM,KH1102
6298044150117,KEEN HEALTH RAS CHOC DIPPD 9G X18,KH1100
6298044150049,KEEN HEALTH DARK CHOCO CRACKERS 54G,KH1201
6298044150063,KEEN HEALTH MILK CHOC CRACKERS 54G,KH1202
6298044150087,KEEN HEALTH RAS CHOC DIPPD CRACKRS 54G,KH1200
6298044150025,KEEN HEALTH CRACKERS BLACK RICE 90G,KH1002
6298044150001,KEEN HEALTH CRACKERS 90G,KH1000
6298044150018,KEEN HEALTH CRACKERS THYME 90G,KH1001
0022644072731,KRIKITA ENERGY CUP 12X45G,KR3000
0022644075046,KRIKITA CLASSIC 10X125G,KR1003
0022644075053,KRIKITA SILVER 10X125G,KR1004
0022644075886,KRIKITA SUNFLOWER SEDS 8X200G,KR1112
0022644074278,KRIKITA FIESTA MIX 10X225G,KR1007
0022644073356,KRIKITA FIESTA SPICY 10X225G,KR1008
0022644072823,KRIKITA CLASSIC MIX 10X300G,KR1000
0022644072809,KRIKITA GOLD 10X300G,KR1002
0022644076067,KRIKITA PRIME 10X300G,KR1006
0022644072267,KRIKITA PUMPKIN SEEDS 6X300G,KR1100
0022644072816,KRIKITA SILVER 10X300G,KR1001
0791689057910,KRIKITA CLASIC 2X300G @SPL OFF,KR6002
0791689057385,KRIKITA PRIME 2X300G @ SPECIAL OFFER,KR6000
3183280021440,LA BALEINE FLEUR DE SEL 125G,LB3310
3183280021358,LA BALEINE SHAKER SEA SALT 125G,LB3330
3183280025004,LA BALEINE GRINDER SALT 180G,LB3340
3183280017559,LA BALEINE GREY SALT 250G,LB3411
3183280020382,LA BALEINE COARSE SEA SALT 600G,LB3351
3183280021327,LA BALEINE DRUM DRIED IODIZD 600G,LB3350
3183280029439,LA BALEINE GREY SALT 800G,LB3410
3183280021419,LA BALEINE SEA SALT IODIZD 1000G,LB3390
3183280028203,LA BALEINE COARSE SEA SALT POLYBAG 1KG,LB3391
3183280010369,LA BALEINE FLEUR DE SEL 1KG FOR EM SHERIF,LB3500
0791689057736,LA BALEINE DRUM 2X600G @ 15%,LB6008
0791689058559,LA BALEINE DRUM SALT 2X600G @SPCL OFF,LB6010
0791689058542,LA BALEINE CARDBRD BOX 2X1000G@SPCL OF,LB6009
5285007261073,L'ATELIER DU MIEL HONEY CITRUS TYRE 24X230G,AM1003
5285007261363,L'ATELIER DU MIEL HONEY CRETAN ERYNGO 24X230G,AM1000
5285007260458,L'ATELIER DU MIEL HONEY EUCALYPTS BEIRUT 24X230G,AM1002
5285007263077,L'ATELIER DU MIEL HONEY FIG JAM 24X230G,AM2002
5285007263091,L'ATELIER DU MIEL HONEY MULBERRY JAM 24X230G,AM2001
5285007261141,L'ATELIER DU MIEL HONEY OAK SHOUWWEN 24X230G,AM1001
5285007263053,L'ATELIER DU MIEL HONEY STRAWBERRY JAM 24X230G,AM2000
0667619991329,MELLY'S HZLNT MLK CHO BIS ROLL 16X220G,MY1003
3701295700299,MOCHI ICE CREAM CHOCO & COCONUT 10X198G,MO1001
3701295700350,MOCHI ICE CREAM CHOCOLATE HAZLNUT10X198G,MO1007
3251519123002,MOCHI ICE CREAM DUBAI CHOCOLATE 10X198G,MO1008
3701295700411,MOCHI ICE CREAM LEMON & YUZU 10X198G,MO1003
3701295700282,MOCHI ICE CREAM LYCHEE 10X198G,MO1005
3701295700275,MOCHI ICE CREAM MANGO PASION 10X198G,MO1002
3701295700268,MOCHI ICE CREAM MATCHA GREEN TEA 10X198G,MO1006
3701295700329,MOCHI ICE CREAM RASPBERY PSTACHIO10X198G,MO1004
3701295700336,MOCHI ICE CREAM VANILA MACADAMIA 10X198G,MO1000
0000080042532,MUTTI DOUBLE CONCE TP 130G,MT1200
8005110518003,MUTTI PASTA SAUCE W CHILI 400G,MT1105
8005110550508,MUTTI CHERRY TOMATOES TIN 400G,MT1005
8005110516009,MUTTI PASTA SAUCE W OLIVES 400G,MT1103
0000080042556,MUTTI FINELY CHOPPED TOMATOES 400G,MT1000
8005110517006,MUTTI PASTA SAUCE W BASIL 400G,MT1104
8005110519000,MUTTI PASTA SAUCE W GRLD VEG 400G,MT1102
8005110060007,MUTTI WHOLE PEELED TOMA 400G TIN,MT1004
8005110002052,MUTTI READY-TO-USE CLAS PS 400G TIN,MT1101
8005110551215,MUTTI PIZZA SAUCE 400G,MT1100
8005110630408,MUTTI TOMATO PUREE PASSATA 400G,MT1002
8005110630439,MUTTI TOMATO PUREE WITH BASIL 400G,MT1003
8005110004766,MUTTI TOMATO PUREE BRIK 6X500G,MT1011
0791689058443,MUTTI FINELY CHPPD TOMTO 400G 2+1FRE,MT6008
0791689058009,MUTTI CHOPPD TOMAT 2X400G@SPL OFFER,MT6007
0791689057637,MUTTI WHOLE PEELED TMT 400GX2  20%,MT6000
0791689058450,MUTTI TOMATO PUREE GLASS 400G 2+1FRE,MT6009
8005110860508,MUTTI TOMATO PUREE 500G,MT7001
0791689057996,MUTTI PURE TETRA PACK 500G 2+1 FREE,MT6006
0791689057989,MUTTI TMTO PUREE GLS BOTL 2X400@S,MT6005
0022644008174,NAJJAR INSTANT COFFEE GOLD 12X95G,NJ5102
0022644004770,NAJJAR INSTANT COFFEE RED 12X95G,NJ5100
0022644005432,NAJJAR COLD BREW 10X255G,NJ3100
0022644002646,NAJJAR CLASSIC CARDAMOM 20X200G,NJ2002
0022644000284,NAJJAR CLASSIC DECAF 20X200G,NJ5000
0022644002639,NAJJAR CLASSIC PLAIN 20X200G,NJ2000
0022644004480,NAJJAR MEDIUMROASTPLAIN200G,NJ2100
0022644001205,NAJJAR MEDIUM ROASTCARDAMOM200G,NJ2200
0022644006354,NAJJAR SELECTION 200G,NJ1000
0022644006361,NAJJAR SELECTION CARDAMOM 200GR,NJ1002
0022644013024,NAJJAR COFFEE LE BRE CARDAMOM 250GR,NJ3002
0022644013017,NAJJAR COFFEE LE BRESILIEN NOR.250G,NJ3000
0022644005173,NAJJAR AMERICAN CUP TIN 300G,NJ4000
0022644003926,NAJJAR CLASSIC CARDAMOM 450G,NJ2003
0022644003919,NAJJAR CLASSIC PLAIN 450G,NJ2001
0022644013048,NAJJAR COFFEE LE BRE CARDAMOM 450GR,NJ3003
0022644013031,NAJJAR COFFEE LE BRESILIEN NOR 450G,NJ3001
0022644006378,NAJJAR SELECTION 450GR,NJ1001
0022644006385,NAJJAR SELECTION CARDAMOM 450GR,NJ1003
0791689058603,NAJJAR CLASSIC CARDAMOM 200GX2 SO,NJ9025
0791689057606,NAJJAR CARDMON PLAIN 200GX2 SPL OFF,NJ9005
0791689058597,NAJJAR CLASSIC PLAIN 200GX2 SO,NJ9024
0791689057590,NAJJAR CLASSIC PLAIN 200GX2 SPL OFF,NJ9004
0791689057965,NAJJAR MEDIUM RST PLN 2X200G,NJ9006
0791689057972,NAJJAR MEDIUM RST CRDM 2X200G,NJ9007
0791689057347,NAJJAR SELECTION PLAIN 2X200G,NJ9000
0791689057361,NAJJAR LE BRESILIEN PLAIN 2X250G,NJ9010
0022644007078,NAJJAR PLAIN 200GX2+KRIKITA 125G,NJ8100
0022644007382,NAJJAR CARDAMOM 200GX2+KRIKITA 125G,NJ8200
0014100085478,PEPPERIDGE FARM GOLDFISH CHED 187G,PF2202
0014100085393,PEPPERIDGE FARM GOLDFISH COLORS 187G,PF2204
0014100085461,PEPPERIDGE FARM GOLDFISH PARMESAN 187G,PF2201
0014100085508,PEPPEIDGE FARM GOLDFISH SALTINE 187G,PF2206
0000042046189,RITTER SPORT FINE MILK C 28X33.34G,RS4005
4000417626011,RITTER SPORT 70% DARK CHOC 100G,RS3205
4000417018007,RITTER SPORT ALPINE MILK CHOCO 100G,RS3014
4000417601513,RITTER SPORT AMICELLI HAZELNUT 100G,RS6214
4000417620514,RITTER SPORT BISCUIT&CARAMEL 100G,RS6218
4000417214003,RITTER SPORT BUTTER BISCUITS 100G,RS3004
4000417222008,RITTER SPORT HAZELNUTS 100G,RS3203
4000417294005,RITTER SPORT COCOA MOUSSE 100GM,RS3012
4000417011008,RITTER SPORT CORN CRISP 100 GR,RS3000
4000417224002,RITTER SPORT DARK WHOLE H/NUT 100G,RS1002
4000417212009,RITTER SPORT DARK ALMND&ORNGE 100G,RS3003
4000417021007,RITTER SPORT MILK CHOCO 100G,RS3001
4000417704009,RITTER SPORT HONEY SALT ALMOND-100G,RS1004
4000417025005,RITTER SPORT MARZIPAN 100GR,RS3009
4000417028006,RITTER SPORT PEPPERMINT  100G,RS3011
4000417670915,RITTER SPORT PISTACHIO 100G,RS6205
4000417026002,RITTER SPORT NOUGAT 100GR,RS3010
4000417022004,RITTER SPORT TRAUBENT-NUSS 100GR,RS3007
4000417670618,RITTER SPORT ROASTED PEANUT 100G,RS6217
4000417271006,RITTER SPORT SALTED CARAMEL 100G,RS3204
4000417620613,RITTER SPORT SMARTIES MILK CHO 100G,RS3015
4000417620811,RITTER SPORT SMARTIES WHITE 100G,RS3016
4000417708007,RITTER SPORT DARK WHOLE ALM 100G,RS1006
4000417237002,RITTER SPORT STBRY YOGURT 100G,RS3008
4000417610515,RITTER SPORT VEGAN DBL CRN 100G,RS6206
4000417103109,RITTER SPORT VEGAN CHOC ALMOND 100G,RS6200
4000417106100,RITTER SPORT VEGAN CHOC PEANUT 100G,RS6202
4000417107107,RITTER SPORT VEGAN CHOC CARAMEL 100G,RS6203
4000417013002,RITTER SPORT NUTS&CRISPY RICE 100GR,RS1001
4000417023001,RITTER SPORT WHOLE ALMOND 100GR,RS1003
4000417019004,RITTER SPORT WHOLE H/NUT 100G,RS1000
4000417119704,RITTER SPORT GOLD MINI TOWER 8X116G,RS6215
4000417653208,RITTER SPORT GOLD CUBES 8X148G,RS6216
4000417652508,RITTER SPORT CHOCO CUBES-176G,RS5101
4000417652409,RITTER SPORT YOGURT CUBES 176G,RS5102
4000417652706,RITTER SPORT CHOCO CUBE THANK U 176G,RS5103
4000417652607,RITTER SPORT CHOC CUBE AMAZING 176G,RS5104
4000417663214,RITTER SPORT COFFEE DUO 218G,RS6212
4000417663016,RITTER SPORT CRUNCHY DUO 218G,RS6210
4000417663115,RITTER SPORT FRUITY DUO 218G,RS6211
4000417663313,RITTER SPORT SWEET N SALTY DUO 218G,RS6213
4000417931009,RITTER SPORT COCOA 55% GHANA 100G,RS9552
0791689057491,RITTER SPORT ASRTD 2X100G,RS9004
0791689057484,RS ASSORTD 2X100G,RS9005
0791689058085,RITTER SPORT ASSORTED 100GX2 @SP,RS9009
4000417211002,RITTER SPORT CARAMEL MOUSSE 100G,RS9538
4000417707000,RITTER SPORT CASHEW 12X100G,RS9551
4000417220004,RITTER SPORT COCOA WAFER 100G,RS9535
4000417296009,RITTER SPORT CRMEL ALMNDS 12X100G PROMO,RS9546
4000417601018,RITTER SPORT ORANGE 12X100G PROMO,RS9549
4000417200006,RITTER SPORT RASPBERRY & ROSE 12X100G,RS9543
4000417670694,RITTER SPORT ROASTED PEANUT 11X100G ACC,RS9579
4000417109002,RITTER SPORT VEGAN PURE 100G,RS9539
4000417105004,RITTER SPORT SESAM 100,RS9540
4000417109101,RITTER SPORT VEGAN CHOC SMOOTH 100G,RS9561
4000417694119,RITTER SPORT WHIT CRSPY COFE 11X100G PRO,RS9548
4000417692313,RITTER SPORT WHTE CINAMN CRSP 12X100G PR,RS9547
4000417328601,RITTER SPORT NUT MINI 116G POUCH,RS9541
0791689058191,RITTER SPORT CUBE FAB FRNDS 176G@SPCL OFFE,RS9212
0791689058184,RITTER SPORT CUBE FOR U 176G@SPL OFF,RS9211
0791689058177,RITTER SPORT CUBE THANK U 176G@SPCL OFFE,RS9210
0791689058207,RITTER SPORT CUBE YOU'RE AMAZING 176G@SPCL,RS9213
4000417606006,RITTER SPORT GOLD EDITION 11X250G ACCELE,RS9577
6297001056561,RITTER SPORT GOLDEN CUBES 304G,RS7001
0791689058672,RITTER SPORT MINI TRAYS GOLDEN EDITION,RS7002
6297001056424,RITTER SPORT CUBE CHOCO 176GX2,RS9006
0077330530682,ROYAL DANSK WAFERS CHOCOLATE 100G,RD1001
0077330530699,ROYAL DANSK WAFERS VANILLA 100G,RD1000
0077330578370,ROYAL DANSK WAFERS CHOCOLATE 350G,RD2001
0077330570060,ROYAL DANSK WAFERS VANILLA 350G,RD2000
0077330332590,ROYAL DANSK MINI COOKIE 200G,RD4002
0077330343077,ROYAL DANSK DARK N ORNGE COOKIE 12X250G,RD5003
0077330341905,ROYAL DANSK WHITE N RASP COOKIE 12X250G,RD5001
0077330350600,ROYAL DANSK DB GARDEN COOKIE 12X300G,RD8001
0077330530057,ROYAL DANSK BUTTER COOKIES 340GX12,RD6001
0077330346078,ROYAL DANSK FIRST CHOICE DANISH COOKIES 340G,RD6020
0077330711593,ROYAL DANSK CHOCOLATE 454G,RD7000
0078985677005,ROYAL DANSK BUTTER COOKIES 454GR,RD7001
0078985679009,ROYAL DANSK BUTTER COOKIES TIN 908G,RD8000
0077330565837,ROYAL DANSK DANISH COOKIES 1KG,RD3000
0791689058818,ROYAL DANSK ASSRTD WAFER 350GX2 SPL OFR,RD9018
10077330578377,ROYAL DANSK CHOC WAFER 12X350G ACC,RD9013
10077330570067,ROYAL DANSK VANILLA WAFER 12X350G ACC,RD9012
0791689058788,ROYAL DANSK BUTR COOKIES 340GM 30% SL OFFR,RD9016
8412170030992,SANTIVERI LITE-BITE DRK 17G,SV1000
8412170033153,SANTIVERI LITE-BITE MILK  17G,SV1001
8412170018464,SANTIVERI DARK CHOCO 20G,SV4101
8412170018457,SANTIVERI MILK CHOCO 20G,SV4102
8412170025950,SANTIVERI MILK CHOCO 80G,SV4002
8412170039421,SANTIVERI RICE COATED DARK 25G,SV3000
8412170037687,SANTIVERI RICE COATED MILK 25G,SV3001
8412170047112,SANTIVERI THIN BISCT DARK CHOCO12X88G,SV3209
8412170047082,SANTIVERI THIN DARK OATMEAL 12X88G,SV3210
8412170047105,SANTIVERI THIN DARK BUCKWHEAT 12X90G,SV3208
8412170030084,SANTIVERI CRISPY OAT TOAST BIO 9X100G,SV3205
8412170041288,SANTIVERI LENTIL TOASTS BIO 9X100G,SV3206
8412170009646,SANTIVERI NOGLUT TOAST GLTN FRE9X100G,SV3202
8412170047518,SANTIVERI CRISPY PROTEIN TOAST 9X115G,SV3207
8412170032910,SANTIVERI COCOA MILK CHOC 85G,SV2006
8412170031029,SANTIVERI CRNBRY MILK CHOC 85G,SV2004
8412170031036,SANTIVERI ORGNLS  MILK CHOC 85G,SV2005
8412170039308,SANTIVERI CHOCO QUINOA 175G,SV2002
8412170022447,SANTIVERI ORIGINALS 190G,SV2003
8412170026995,SANTIVERI CRANBERRIES 190G,SV2001
8412170033627,SANTIVERI NOGLUT ORNG DIGEST 12X195G,SV3200
8412170029811,SANTIVERI COCOA 200G,SV2000
8412170033610,SANTIVERI NOGLUT COCOA DIGEST 12X200G,SV3201
4008258334010,SEEBERGER DRIED RASPBERRIES 13X12G,SE6874
4008258335017,SEEBERGER DRIED BLUEBERRIES 15X15G,SE6875
4008258333020,SEEBERGER DRIED STRAWBERRIES 12X15G,SE6873
4008258277034,SEEBERGER MANGO STRIPS DRIED 12X30G,SE6616
4008258403020,SEEBERGER APPLE RINGS 10X80G,SE6610
4008258276006,SEEBERGER MANGO STRIPES DRIED 100G,SE6615
4008258416020,SEEBERGER PINEAPPLE 12X100G,SE6876
4008258147016,SEEBERGER DRIED COCONT 12X110G,SE6865
4008258358047,SEEBERGER APRICOTS 13X125G,SE6859
4008258185001,SEEBERGER CRANBERRIES 125G,SE6621
4008258292037,SEEBERGER SOFT APRICOTS 13X140G,SE6858
4008258274019,SEEBERGER BANANA CHIPS 150G,SE6648
4008258014004,SEEBERGER CASHEW-MANGO MIX 12X150G,SE5010
4008258359013,SEEBERGER APRICOTS 200G,SE6647
4008258161012,SEEBERGER BLUE RAISINS 200G,SE6644
4008258235003,SEEBERGER DRIED FIGS 200G,SE6641
4008258419014,SEEBERGER DR MIX  FRUIT 200G,SE6866
4008258324011,SEEBERGER PRUNES PITTED 200G,SE6646
4008258292013,SEEBERGER SOFT APRICOTS 200G,SE6847
4008258290019,SEEBERGER SOFT FIGS 200G,SE6841
4008258291016,SEEBERGER SOFT PRUNES PITTED 200G,SE6846
4008258149010,SEEBERGER ALMOND CNBRY MIX 50G,SE6503
4008258020067,SEEBERGER SVRY NUTMIX RSTD SALT 50G,SE6502
4008258159040,SEEBERGER RSTED NUT & RAISIN 50G,SE6504
4008258121139,SEEBERGER NUTS SHELLED 125G,SE6752
4008258460009,SEEBERGER FAVA-SNACK 12X125G,SE6869
4008258016008,SEEBERGER CRANBERRY MIX 150G,SE6864
4008258154229,SEEBERGER NUT & RAISIN-150G,SE6635
4008258051030,SEEBERGER NUTS AND BERRIES 150G,SE6634
4008258158005,SEEBERGER TRIAL MIX 150G,SE6867
4008258130018,SEEBERGER WALNUTS SHELLED 13X150G,SE6743
4008258121016,SEEBERGER BRAZIL NUTS SHELLED 200G,SE6742
0791689058306,SEEBERGER MANGO STRIPS DRIED 100G @ SP,SE7002
0791689058290,SEEBERGER APRICOTS 200G@ SPECIAL OFFER,SE7001
0791689058283,SEEBERGER PRUNES PITTED 200G @ SPECIAL OFFER,SE7000
8003410249306,SEGAFREDO ALMINUM CAPS CLASSICO 50G,SF4100
8003410249320,SEGAFREDO ALMINUM CAPS RISTRETO 50G,SF4102
8003410249313,SEGAFREDO ALMINUM CAPS INTENSO 50G,SF4101
8003410233220,SEGAFREDO ALMINUM CAPS DECAF 50G,SF4106
8003410249337,SEGAFREDO ALMINUM CAPS PURO ARB 50G,SF4103
8003410249351,SEGAFREDO ALMINUM CAPS BRAZIL ARAB 50G,SF4105
8003410249344,SEGAFREDO ALMINUM CAPS PERU ARABICA 50G,SF4104
8003410247104,SEGAFREDO ESPRESSO CAPSULES 5.1GX10,SF4000
8003410333746,SEGAFREDO DECAF CAPSULES X10,SF4002
8003410247067,SEGAFREDO INTENSO CAPSULES 5.1GX10,SF4001
8003410349099,SEGAFREDO MIO CAFFE ESPRESSO 7GX10,SF3001
8003410349129,SEGAFREDO CAPUCINO CAPSUL 10.8GX10,SF3003
8003410349105,SEGAFREDO MIO CAFE  CAPSULE 7.5GX10,SF3000
8003410349112,SEGAFREDO  LUNGO CAPUSLES 7.5GX10,SF3002
5901583413247,SEGAFREDO INSTNT COFF CLASSIC 100G,SF5100
5901583413230,SEGAFREDO INSTANT COFFEE GOLD 100G,SF5101
8003410246305,SEGAFREDO CREMA RICCA CAPS 10X5.1GM,SF4003
8003410246312,SEGAFREDO ESPRESO CASA CAPS 10X5.1G,SF4004
8003410344315,SEGAFREDO INTERMEZZO 250G,SF1002
8003410344360,SEGAFREDO EMOZIONI 250G,SF1000
8003410344117,SEGAFREDO ESPRESSO  250G,SF1001
8003410311140,SEGAFREDO INTERMEZZO BEANS 500G,SF2000
8003410311027,SEGAFREDO ESPRESSO 500G,SF2001
0791689057743,SEGAFREDO ASRTD CAPSL 51G 2+1,SF9001
0791689058511,SEGAFREDO INST CLASSIC 2X100G,SF9006
0791689058528,SEGAFREDO INST GOLD 2X100G,SF9007
6297001056219,SEGAFREDO ASRTD 2X250G+FREE FR PR,SF9000
0791689058108,SEGAFREDO ESPRESSO CASA 500G@SPL OFF,SF9005
0796167514121,SMART GOURMET CLASSIC & PRETZELS 140G,SG1003
0796167515050,SMART GOURMET BEETROOT & PRETZELS 140G,SG1005
0796167515074,SMART GOURMET SPICY CH PEPPER &PRETZELS 140G,SG1006
0756839953504,SMART GOURMET MOUTABBAL & PRETZEL 140G,SG4106
0661706214902,SMART GOURMET PESTO & PRETZELS  140G,SG1008
0661706214896,SMART GOURMET ZAATAR & PRETZELS  140G,SG1007
0762983667914,SMART GOURMET TRUFFLE AND PRETZELS 140G,SG3105
0796167515067,SMART GOURMET ROASTED R PEPPER &PRTZELS 140G,SG1004
5287001035056,SMART GOURMET HOMMUS BI TAHINA 200G,SG1002
5287001035087,SMART GOURMET BABA GHANNOUJ 200G,SG2002
0697478320886,SMART GOURMET BEETROOT HUMMUS 225G,SG1010
0697478320879,SMART GOURMET CLASSIC HUMMUS 225G,SG1011
0697478320862,SMART GOURMET CLASSIC MOUTABAL 225G,SG2010
0796167515043,SMART GOURMET HUMMUS ZAATAR 225G,SG1015
0759049043812,SMART GOURMET ROASTED PESTO HUMMUS 225G,SG1014
0736542048544,SMART GOURMET ROASTED RED CHILLI 225G,SG1013
0637740854114,SMART GOURMET RED PEPPER HUMMUS 225G,SG1012
5287001035025,SMART GOURMET HOMMUS BI TAHINA 350G,SG1001
5287001035018,SMART GOURMET BABA GHANNOUJ 350G,SG2001
0661706215176,SMART GOURMET TRUFFLE HUMMUS  225G,SG3104
3178530410365,ST MICHEL MADELEINE 25G,SM1300
3178530408539,ST MICHEL MINI MADELEINES  85G,SM1100
3178530415735,ST MICHEL MADELEINE WRAPED 150G,SM1109
3178530426717,ST MICHEL MADELEINES LEMON 150G,SM1319
3178530424911,ST MICHEL CHOC CHPS 150G,SM1316
3178530423655,ST MADELENE SPNG CKE CARMEL 175G,SM1302
3178530402353,ST MICHEL MINI MADELEINES 175G,SM1121
3178530407938,ST MICHEL MADLEINE 175G,SM1122
3178530423662,ST MADELEINE SPNG CKE LEMN 175G,SM1301
3178530420005,ST MICHEL 10 MADELEINE CHOCOLATE CH,SM1125
3178530420678,ST MICHEL 10 MADELEINES VANILLA FLA,SM1124
3178530407921,ST MICHEL LARGE MADELEINES 250G,SM1123
3178530424829,ST MICHEL FILLED MADELEINS 250G,SM1318
3178531008110,ST MICHEL MINI MADELEINES-250G,SM1102
3178530419764,ST MICHEL CHOCO BROWNIES 30G,SM1306
3178530419757,ST MICHEL WHIT CHOCO BROWNIE 30G,SM1307
3178530426977,ST MICHEL SWEETHRT CAKE 10X125G,SM1323
3178530424713,ST MICHEL CHOCO MUFFIN 180G,SM1315
3178530417340,ST MICHEL 7 BROWNIES CHOCO 210G,SM1200
3178530417357,ST MICHEL 7 BRWNIES WHITECHOCO 210G,SM1201
3178530411478,ST MICHEL BUTTER SEASALT BISCT 150G,SM1000
3178530409673,ST MICHEL PALMIERS CARAMEL BIS 100G,SM1006
3023470001015,ST MICHEL GALETTES BUTTER 130G,SM1015
3023470020016,ST MICHEL BUTTER BISCUIT 150G,SM1014
3178530402278,ST MICHEL CARAMEL BUTER BISCIT 150G,SM1002
3178530407914,ST MICHEL CHOC BUTTER BISCUIT 150G,SM1001
3178530418170,ST MICHEL 15 PTITS BEURRE BTER 180G,SM1017
3178530421125,ST MICHEL GAL CHOCO WHITE 180G,SM1314
3178530427769,ST MICHEL CREPE CARAMEL 180G,SM2001
3178530426205,ST MICHEL CREPE CHOCO HAZELNUT 180G,SM2000
3178530421194,ST MICHEL DOOMINO CHOCOLATE 180G,SM1210
3178530421200,ST MICHEL DOOMINO HAZELNUT 180G,SM1211
3178530412703,ST MICHEL DONUTS CHOCO MARBLE 180G,SM1111
3178530417418,ST MICHEL DONUT CHOCO CHIP 180G,SM1110
3178530417395,ST MICHEL DONUT CHOCO COATED 180G,SM1112
0183838000609,ST MICHEL CHESE & SEA SLT BISCT14X70G,SM1321
0183838000593,ST MICHEL TOMATO & HERBS BISCT 14X70G,SM1322
3178530427783,ST MICHEL EMENTAL CHEESE PEPR 10X100G,SM1320
0791689058665,ST MICHEL MINI MADELEINES 175G@20% OF,SM6402
6297001056509,ST MICHEL MINI MADLENES 175G 1+1 FREE,SM6016
0791689057927,ST MICHEL MADELEINE 250G SP,SM6013
6297001056493,ST MICHEL MINI MADLEN CAKE 250G 1+1 FREE,SM6015
0791689058498,ST MICHEL CHOC BROWNIES 210G @ 20% OFF,SM6400
0791689058146,ST MICHEL CHOC BROWNIES 210G @ SPL OFFER,SM6014
0791689058276,ST MICHEL GALTS CHOC CHIP 180G@SPL OF,SM6304
0791689058269,ST MICHEL GALTS CHOC WHTE 180G@SPL OF,SM6303
0791689057101,ST MICHEL DONUT 180G,SM6006
0791689058245,ST MICHEL DOOMINO 180G @ SPCL OFFER,SM6301
0791689058252,ST MICHEL DOOMINO HZLNT 180G@SPL OFFR,SM6302
0791689058504,FRENCH DONUT ASSRTD 180G @ SPL OFF,SM6401
5011862900105,SWEET'N LOW 100 TABLETS 5.2GR,NL1020
5011862940408,SWEET'N LOW SUCRALOSE TABLETS 100 T,NL1120
5011862940156,SWEET N LOW STEVIA 100 TABLETS 12X6G,NL1210
5011862952111,SWEET'N LOW 200 TABLETS 10.4GR,NL1021
5011862900129,SWEET'N LOW 300 TABLETS 15.6G,NL1022
5011862940415,SWEET'N LOW SUCRALOSE TABLETS 300 T,NL1121
5011863212122,SWEET N LOW SACHARIN ITALY 0.8GX3000PC,NL1118
5011862940187,SWEET N LOW SUCRALOSE SACHET 1000X0.8G,NL1106
6085010589282,SWEET N LOW SACHARIN SCHE 1GX3000PC,NL1108
5011862880070,SWEET'N LOW 50 SACHETS 40GR,NL1003
5011862940286,SWEET'N LOW STEVIA SPOON 40G,NL1204
5011862000027,SWEET'N LOW SUCRALOSE SACHETS 50 S,NL1102
0044800750055,STEVIA IN THE RAW 50G,NL2200
5011862911002,SWEET'N LOW 100 SACHETS 80GR,NL1004
5011862853081,SWEET'N LOW FOR SPOON JAR 80GR,NL1007
5011862940231,SWEET'N LOW STEVIA SACHETS 100'S,NL1203
5011862940392,SWEET'N LOW SUCRALOSE SP FOR SP80G,NL1105
5011862000034,SWEET'N LOW SUCRALOSE SACHETS 100 S,NL1103
0044800750109,STEVIA IN THE RAW SACHETS 100'S,NL2201
0044800001447,SWEET N LOW SUGAR IN RAW 25 PC 12X113G,NL2101
5011862872020,SWEET'N LOW 200 SACHETS 160GR,NL1005
6085010580074,SWEET N LOW SUGAR RAW POUCHES12X300G,NL2106
0044800001416,SWEET N LOW SUGAR IN RAW 100 P 8X453G,NL2102
6085010580050,SWEET N LOW SUGAR RAW POUCHES12X500G,NL2105
0044800770015,SUGAR IN THE RAW ORGANIC AGAVE 18.5OZ,NL2300
0044800001423,SWEET N LOW SUGAR IN RAW BULK 12X907G,NL2100
6291023142905,SWEET'N LOW LOW CHERRY JELLY 10.5G,NL1402
6291023142912,SWEET'N LOW LOW ORANGE JELLY 10.5G,NL1403
6291023142929,SWEET'N LOW LOW RASPBERRY JELLY 10.5G,NL1401
6291023142936,SWEET'N LOW LOW STRAWBERRY JELLY 10.5G,NL1400
6291023143056,SWEET'N LOW CREAM CARAMEL 58G,NL1600
6291007908626,SWEET N LOW SUGARFREE WFER HAZEL24X75G,NL1801
6291003011801,SWEET N LOW CHOCOLATE COOKIES 24X100G,NL1304
6291003012181,SWEET N LOW DIGESTIVE COOKIES 12X350G,NL1305
6294002431892,SWEET N LOW FROSTING CHOCOLATE 12X198G,NL2001
6294002431908,SWEET N LOW FROSTING VANILLA 12X198G,NL2000
6294002431878,SWEET N LOW CAKE MIX RED VELVT12X454G,NL1902
6294002431861,SWEET N LOW CAKE MIX VANILLA 12X454G,NL1900
6294002431885,SWEET N LOW CAKE MX BLACK FORST12X454G,NL1903
0112100023411,SWEET N LOW SYRUPS ALMOND 12X510G,NL1503
6291023143025,SWEET'N LOW LOW CARAMEL SYRUP 511G,NL1502
6291023143032,SWEET'N LOW LOW CHOCOLATE SYRUP 511G,NL1501
5011862940132,SWEET'N LOW STEVIA 12 X50'S,NL1202
6297001056318,SWEET N LOW SACHAR SACH 1X3000PC EK,NL1109
6297001056578,SWEET N LOW CRÈME CARAML 2X58G 1+1ECOM,NL6000
5285004540041,TAQA ORNGE COOKIE 12X35G,TQ1003
5285004545046,TAQA BAR ALMND ROSE 16X40G,TQ1203
5285004545039,TAQA BAR ORNGE BLSM 16X40G,TQ1202
5285004545015,TAQA BARS COCNT LMN 16X40G,TQ1200
0791689057941,TAQA ORNGE CKIE 35G PROMO EPPCO,TQ7001
0791689057712,TAQA ASSORTED MAMOUL PACK 3+1 FREE,TQ6000
4014400907902,WERTHER'S ORIGINAL SUGAR FREE 42G,WE2008
4014400919073,WERTHER'S ORIGINAL CHOCO SUGAR FREE 60G,WE1009
4014400907636,WERTHER'S ORIGINAL SUGAR FREE 70G,WE2007
4014400925319,WERTHER'S POPCORN CARAMEL CL140G,WE1024
4014400925326,WERTHER'S POPCORN PRETZEL 140G,WE1025
4014400935677,WERTHER'S POPCORN SLTED CRRMEL 140G,WE1028
4014400922615,WERTHERS SOFT TOFFEES 24X48GX6,WE1019
4014400916591,WERTHER'S ORIGINAL CHOCO TOFFEE100G,WE1003
4014400930634,WERTHER'S ORIGINAL SOFT ECLAIR 100G,WE1022
4014400929782,WERTHER'S ORIGINAL SOFT TOFFES 100G,WE1021
4014400930641,WERTHER'S ORIGINAL SOFT ECLAIR 500G,WE1023
4014400929799,WERTHER'S ORIGINAL SOFT TOFFES 600G,WE1020
4014400915945,WERTHERS COFFEESTICKPACK24X50G,WE1013
0000040144016,WERTHER'S ORIGINAL STICKPACK 50G,WE1000
4014400913910,WERTHER'S ORIGINAL CREAMY FILLING 125G,WE1010
4014400936643,WERTHERS ORIGINALCOFFEE12X125G,WE1012
4014400900880,WERTHER'S ORIGINAL BAG 150G,WE1001
4014400920604,WERTHER'S ORIGINAL 400G,WE1004
4014400901788,WERTHER'S ORIGINAL BAG-PILLOW 1KG,WE1002
4014400918380,WERTHER'S ORIGINAL CREAMY FILLING-1000G,WE1011
0791689058023,WERTHER'S ORIGINAL POPCORN PRTZL 140G@SP,WE6019
0791689058344,WERTHERS WO PRTZL POPCORN 140G @SPL OFF,WE9026
0791689058016,WERTHERS ASSRTD POPCORN 140 10%OFF,WE6018
0791689057729,WERTHER'S ORIGINAL POPCORN CARAML 140G @SP,WE6017
0791689057798,WERTHER'S ORIGINAL SOFT ECLAIRS 500G SP,WE9024
6297001056547,WERTHERS SOFT ÉCLAIR 500GX2@SPL OFF ECO,WE9028
0791689058337,WERTHERS WO SOFT ECLAIRS 500G @SPCL OFF,WE9025
0791689058566,WERTHER'S ORIGINAL SOFT TOFFEE 600G @SPECIAL OFFER,WE9030
1701020010732,WERTHER'S ORIGINAL SOFT CARMEL 100GX2 SP,WE6016
0791689058351,WERTHER'S ORIGINAL CREAM CANDY 400G,WE9027
0791689057255,WERTHERS ORG 1000G @1+1 OFFER,WE6008
0791689058047,WERTHER'S ORIGINAL 1000G @ SP,WE6020
4014400936223,WERTHER'S ORIGINAL 800G @ SPL OFF,WE1027
4014400400007,TOFFIFEE 125G,TO1500
4014400900651,TOFFIFEE 200G,TO1504
4014400900576,TOFFIFEE 400G,TO1502
0791689058368,TOFFIFEE 125G @ 50% OFF,TO6007
0791689058535,TOFFIFEE 125G @ SPECIAL OFFER,TO6010
0791689057217,TOFFIFEE 125G 2+1 FR,TO6004
0791689058238,TOFFIFEE 125G X3 @ SPECIAL OFFER,TO6005
0791689058832,TOFFIFEE 125G X2 @ SPECIAL OFFER,TO6011
6297001056523,TOFFIFEE TOFIFE 125GX2 @SPCL OFFER ECOM,TO6006
0791689058429,TOFFIFEE 200G @ SPECIAL OFFER,TO6009
4014400917956,MERCI ASSTD 250GX10 SPL,ME1603
4014400901191,MERCI GREAT VARIETY 250G,ME1600
4014400901405,MERCI LIGHT VARIETY 10X250G,ME1602
4014400900217,MERCI AST CHOCOLATES 400G,ME1604
4014400907728,MERCI CHOCO FINEST SELECTION 675G,ME1605
0791689058214,MERCI 250G@SPECIAL OFFER,ME6500
0791689058627,MERCI 250G CRISPY VARIETY PROMO,ME6502
0791689058610,MERCI 250G LIGHT VARIETY PROMO,ME6501
0791689056708,MERCI 250G 15% OFF PROMO,ME6400
0791689058405,MERCI 250G@30% OFF,ME6700
6297001056530,MERCI GREAT VARTY 250GX2@SPL ECOM,ME6600
0791689056661,MERCI 400G 20%OFF,ME6003
0791689058320,MERCI 400G @ SPL OFF,ME6005
0791689058221,MERCI 400G @ SPECIAL OFFER,ME6004
0791689058382,MERCI ASST CHOCOLATES 400G @ 50%OFF,ME6007
6297001056554,MERCI ASST CHOC 400GX2 @SPL ECOM,ME6006
0000040144061,KNOPPERS WAFERS 25G,KN1800
0000040144078,KNOPPERS 75G,KN1801
4014400930474,KNOPPERS MINIS BAG 200G,KN1803
0791689058849,KNOPPERS MINIS 200G @SPECIAL OFFER,KN6007
0000040144160,NIMM2 ROLL 50G,NI1100
4014400909470,NIMM2 SOFT BAG 116G,NI1103
4014400902761,NIMM 2 PIC&MIX 1KG,NI1102
0000040144191,MAMBA COLA & FRNDS CANDIES 26.5G,MA1403
0000040144955,MAMBA 26.3G,MA1400
0000040144979,MAMBA 4 PCS PACK 106GX4,MA1401
4014400923919,MAMBA COLA & FRIENDS 106G,MA1404
4014400902495,RIESEN BAG 150GR,RI1301
0000042486329,AMICELLI HAZELNUT 12.5G,AL1004
4000417101211,RS AMICELLI 150G,AL1000
4000417101310,AMICELLI COCOA 150G,AL1002
4000417101419,AMICELLI VANILLA 16X150G,AL1005
4000417101334,AMICELLI COCOA 225G,AL1003
4000417101235,AMICELLI HAZELNUT 225G,AL1001
0791689057804,AMICELLI COCOA 150G @SP,AL6002
0791689057842,AMICELLI HAZELNUT 150G,AL6003
0791689057545,AMICELLI HAZELNUT 20% OFF,AL6000
4014400908985,CAMPINO FRUITS 200G,BW1702
4014400905861,BUNTE WELT EUKA MENTHOL BAG 200G,BW1704
4014400900804,BUNTE WELT MINT CHOCOLATE BAGS 200G,BW1705
4014400904376,BUNTE WELT CHOCOLATE TOFFEES 325G,BW1700
4014400904390,BUNTE WELT MILKY CARAMELS 325GR,BW1701
4014400904307,BUNTE WELT CALIFONIA FRUCHTE BAGS 425GR,BW1703
3068320109664,EVIAN MINIRAL WATER 330MLX24,EV4142
3068320113159,EVIAN MINIRAL WATER  500MX6,EV4137
3068320109602,EVIAN MINIRAL WATER  500MX24,EV4141
3068320012056,EVIAN MINERAL WATER 750ML,EV4236
3068320014074,EVIAN MINERAL WATER 750MLX12,EV4236
3068320111667,EVIAN MINIRAL WATER 1LX6,EV4140
3068320040127,EVIAN MINERAL WATER 1.5X6,EV4160
3068320133140,EVIAN BLUEY KIDS 0.33LX12,EV4202
3068320103723,EVIAN GLASS MINERAL WATER 330MLX20,EV3123
0767571721320,EVIAN GLASS 750ML X 4,EV4146
3068320129419,EVIAN SPARKLING CAN 24X330ML,
3068320127682,EVIAN SPARKLING GLASS  330MLX 20,ES1000
3068320127521,EVIAN SPARKLING GLASS  750MLX 12,ES2000
3068328018005,EVIAN BRUMI SKIN CARE ATOMIZER 150ML,BU3220
3057640202308,VOLVIC MINERAL WATER 33CL,VO5110
3057640253218,VOLVIC  MINERAL WATER 0.5LX6,VO5120
3057640100673,VOLVIC MINERAL WATER 500ML,
3057640246043,VOLVIC WATER SPORTS CAP 75CL X12,VO5130
3057640100178,VOLVIC MINERAL WATER 1.5L,VO5151
3057640100833,VOLVIC MINERAL WATER 1.5LX6,VO5150
8000380215812,LOACKER BREAK3 HAZELNUT 19GX30,LK4113
8000380213931,LOACKER WRAPPY CHOCOLATE 20X50G,LK3296
8000380213924,LOACKER WRAPPY HAZELNUT 20X50G,LK3295
8000380108077,LOACKER MILK & CERALS CHOCO 25GX30,LK3423
8000380102167,LOACKER SANDWICH CHOCO 25X25G,LK3317
8000380142996,LOACKER SANDWICH DRK CHCO 25X25G,LK3314
8000380102181,LOACKER SANDWICH HAZELNUT 25X25G,LK3315
8000380102174,LOACKER SANDWICH VANILLA 25X25G,LK3316
0000080001928,LOACKER RASPBERRY 37.5G,LK3470
8000380158362,LOACKER RASPBERRY 37.5GX25,LK3470
8000380158324,LOACKER RASPBERRY 12X110G,LK3471
8000380101214,LOACKER NAPOLITANER 45GRX25,LK3508
8000380101269,LOACKER CREMKAKAO 45GR X25,LK3506
8000380101245,LOACKER VANILLA CREAM FILLED 45GRX25,LK3505
8000380101276,LOACKER MILK CREAM 45GRX25,LK3507
8000380180707,LOACKER COCOA & MILK 45GX25,LK3600
8000380192540,LOACKER DOUBLE CHOC 45Gx25,LK3610
8000380180721,LOACKER COCOA & MILK 175G,LK3601
8000380147168,LOACKER QUADRATINI ESPRESSO 200G,LK3528
8000380101283,LOACKER GARDENA HAZELNUT 38GRX25,LK3509
8000380158416,LOACKER GARDENA WHITE HAZELNUT 38GX25,LK3801
8000380141937,LOACKER GARDENA CHOCOLATE 38GRX25,LK3409
8000380143535,LOACKER GARDENA COCONUT 38GRX25,LK3406
8003800960224,LOACKER TORTINA ORIGINAL 21GRX24,LK3503
8000380154777,LOACKER TORTINA WHITE 21GX24,LK3504
8000380156627,LOACKER TORTINA WHITE-21GX6,001268858
8000380192823,LOACKER TORTINA TRIPLE DARK 21GX24,LK3613
8000380192151,LOACKER TORTINA TRIPLE DARK 125G,LK3614
8000380201419,LOACKER TORTINA CARAMEL 21GX24,LK3620
0000080001935,LOACKER LOACKINI DISPENSER 10G,LK3500
8000380150496,LOACKER PATISSERIE  FOLIETTE MILK 100G,LK3544
8000380213474,LOACKER ICE CREAM ALPINE MILK 66G,LI3298
8000380213467,LOACKER ICE CREAM NAPOLITANER 66G,LI3297
8000380213450,LOACKER ICE CREAM TORTINA 66G,LI3299
4014400914412,WERTHER'S ORIGINAL COFFEE 125G,WE1012
4014400912593,WERTHER'S ORIGINAL ECLAIR 100G,WE1007
4014400902457,MERCI LIGHT VARIETY 250G,ME1602
4014400112269,MAMBA COLA & FRNDS CANDIES 26.5GX48,MA1403
4014400112245,MAMBA COLA & FRIENDS 106GX24,MA1404
0000040144924,RIESEN STICKPACK 45G,RI1300
4014400911244,BUNTE WELT CAMPINO JOGHURT STRAWBERRY 75G,BW1200
4000417100924,AMICELLI HAZELNUT 12.5GX48,AL1004
4000417101273,AMICELLI TWIN PACK 150GX2,AL6002
4000417103000,RITTER SPORT ALMOND QUINOA 100,RS6000
4000417298003,RITTER SPORT COCONUT 100G,RS3013
4000417012401,RITTER SPORT DON CHOCO 100,NEW
4000417932006,RITTER SPORT COCOA 61% NCRGUA 100G,RS2001
4000417933003,RITTER SPORT COCOA 74% PERU 100G,RS2002
4000417938008,RITTER SPORT GHANA 81% 100G,RS2003
4000417117205,RITTER SPORT COCOA MIX MINI 8X116G,RS4008
4000417117106,RITTER SPORT NUT MIX TOWER 8X116G,RS4007
4000417118301,RITTER SPORT CHOCOLATE TOWER 8X133G,RS4006
4000417328205,RITTER SPORT CHOCO MINI 150G POUCH,RS4002
0791689057514,RITTER SPORT MINI CHOC MIX POUCH 10X150G,RS9401
0077330711586,ROYAL DANSK ASSORTED COOKIES 454G,RD7004
0077330711562,ROYAL DANSK COLLECTION 454G,RD7003
0077330500074,ROYAL DANSK DANISH COOKIES 454G,RD7002
4008258155011,SEEBERGER CASHEW CRANBERRY MIX 40G,SE6501
4008258186008,SEEBERGER CRANBERRIES 50G,SE6500
4008258294000,SEEBERGER MANGO 13X100G,SE6848
4008258252017,SEEBERGER DATES PITTED 200G,SE6645
4008258442012,SEEBERGER GINGER PIECES 200G,SE6643
4008258414019,SEEBERGER PINEAPPLE PIECES 200G,SE6642
4008258293003,SEEBERGER SOFT DATES 200G,SE6845
4008258171011,SEEBERGER SULTANAS 200G,SE6636
4008258045039,SEEBERGER PUMPKIN SEEDS 200G,SE6862
3229820796550,BJORG ALMOND PROTEINS MILK 1L,BJ1021
3229820129112,BJORG INTENSE ALMOND MILK 1L,BJ1019
3229820794747,BJORG BISC DARK CHOCO FILLING 50G,BJ1105
3229820792231,BJORG WAFFLES HONEY FILLING 60G,BJ1006
3229820112961,BJORG CORN FLAKES 375G,BJ1011
3229820782560,BJORG MUESLI SUPERFRUITS 375G,BJ1010
3229820769165,BJORG OAT CHOC MUESLI 12X375G,BJ1009
3229820786599,BJORG OAT WITH SEEDS/RAISINS 375G,BJ1012
3229820793771,BJORG PEANUT BARS 30X25G,BJ1007
3229820121789,BJORG VEG BROTH CUBES 72G,BJ1029
8005121044409,DIVELLA GLUTEN FREE FUSILLI-400G,DI0094
6291107890616,FREAKIN HEALTHY CHERRY NUTRIBAR 40G,001553629
0713289457792,FREAKIN HEALTHY CHERRYNUTRIBAR40GX12,001558192
0796168373130,FREAKIN HEALTHY APPLE PIE 40G,001691778
0796168373260,FREAKIN HEALTHY APPLE PIE 40GX12,001691779
0694485585284,FREAKIN AWESOME CRL ALM DATES 45GX6,FA1002
0694485585277,FREAKIN AWESOME PB DATES 45GX6,FA1001
0694485585291,FREAKIN AWESOME PB CHLT DATES 60GX6,FA1000
6298044150094,KEEN HEALTH DARK CHOCO CRACKERS 9GX18,KH1101
6298044150100,KEEN HEALTH MILK CHOC CRACKERS 9G,KH1102
6298044150070,KEEN HEALTH RAS CHOC DIPPD CRACKRS 9G,KH1100
3183280021389,LA BALEINE SHAKER LOW SODIUM 125G,LB3320
0014100085621,PEPPEIDGE FARM GOLDFISH PRETZEL 227G,PF2205
8412170021815,SANTIVERI DARK CHOCO 74% 20G,SV4100
8412170037793,SANITIVERI CORN DARK 25G,SV3002
8412170037731,SANTIVERI CORN MILK 25G,SV3003
8412170025998,SANTIVERI DARK CHOCO 74% 80G,SV4000
8412170025967,SANTIVERI DARK CHOCO 80G,SV4001
8003410246329,SEGAFREDO LUNGO CAPS 10X5.1GM,SF4005
8003410246350,SEGAFREDO LE ORIGIN  BR CAP 10X5.1G,SF4006
8003410246336,SEGAFREDO LE ORIGINI ET CAP 10X5.1G,SF4007
0667619991251,SMART GOURMET AVOCADO PULP 100% 226G,SG4101
0667619991268,SMART GOURMET CLASSIC GUACAMOLE 226G,SG4102
0667619991275,SMART GOURMET SPICY GUACAMOLE 226G,SG4103
3178530412550,ST MICHEL MADLEINE 24X75G,SM1106
3178530421118,ST MICHEL CHOCO CHIP 180G,001923026
3178530411058,ST MICHEL BROWNIES CHOCO-200G,SM1105
3178530417906,ST MICHEL PETITS CAKES 220G,SM1113
3178530411812,ST MICHEL MADELEINE CHOC&HAZL 240G,SM1108
3178530411065,ST MICHEL MOELLEUX CHOCO-250G,SM1104
3023470010017,ST MICHEL SABLE COCONUT BISCT 120G,SM1003
3178530417241,ST MICHEL 12 GALETTES CHOCO 121G,SM1018
3178530413113,ST MICHEL CHOCO COKIE 125GX8,SM1011
3178530413106,ST MICHEL CARAMEL CKIES 125GX8,SM1010
5011862853043,SWEET'N LOW FOR SPOON JAR 40GR,NL1006
5011862940194,SWEET'N LOW STEVIA TABLETS 300T,NL1211
5011862940385,SWEET'N LOW SUCRALOSE SP FOR SP 40G,NL1104
6291023143087,SWEET'N LOW CHOCOLATE DESSERT 30G,NL1601
6291023143049,SWEET'N LOW LOW STRAWBERRY SYRUP 511G,NL1500
1701010011824,EVIAN MINERAL WATER 500 ML 4+2 FREE,EV3201
0791689058313,EVIAN SPARKLING CAN 330MLX4 PROMO,131
0791689057439,EVIAN BRUMI 150MLX2 SPL OFFER,BU6003
6297001056486,VOLVIC MINERAL WATER1.5LX6 50% OFF,VO7006
1701020012132,LOACKER BISCUIT 2X100G,LK6316
0791689056463,LOACKER BISCUIT HNUT 100G+ALMND100G,LK6316
5090010088261,LOACKER WAFER 175GX2,LK3722
1701020001532,LOACKER CLASS MINIS 200GX2 SPEC,LK6300
0791689056302,LOACKER CREMKAKAO 45G 8+2,LK3745
0791689056319,LOACKER NAPOLITANER 10X45 PROMO 8+2,LK3746
1701010001924,LOACKER CLASSIC 90G 2+1 FREE,LK3727
5090010088292,LOACKER MINIS 150GX2@SP,LK3717
6297001056103,LOACKER 2X175G SP,LK3740
1701020008739,LOACKER MINIS 2X200G SPLOFR,LK6310
1701020001631,LOACKER ASSTD 262.5G SPECIAL OFFER,LK6400
8000380142828,LOACKER GARDENA CHOCOLATE 38GX4+1FREE,LK3563
8000380144891,LOACKER GARDENA COCONUT 38GX4+1FREE,LK3696
0791689056418,LOACKER GARDENA HAZEL 38GX4+1,LK3768
1701010004727,LOACKER GARDENA MINIS 125G @SPEC OFFER,LK3730
0791689056593,LOACKER TORTINA 21GX5+1,LK7717
5090010088278,LOACKER QUADRATINI 125GX2,LK3677
6605010000626,LOACKER QUADRATINI 250Gx2,LK3719
1701010001320,LOACKER TORTINA 90GX2,LK3718
1538989845446,WERTHER'S ORIGINAL 150GX2 SPECIAL OFFER,WE6012
2001000660551,WERTHER'S ORIGINAL 150GX2 + 125G FREE,WE6010
1701010012029,WERTHER'S GOLDEN MIX 380G SPL OFFR,WE6007
1602860880465,TOFFIFEE 125G 2+1 FREE,TO6004
1701020007039,MERCI 250G 15% OFF,ME6400
1701010013729,MERCI GRT VRTY 250G SPLOFR,ME6100
7469652424931,MERCI FINEST SELECT 400G 20% OFF,ME6003
1701010008626,MERCI-400G,ME6001
1701010008923,KNOPPERS 25GX10+ LUNCHBOX,KN6001
1003213199652,KNOPPERS 25G 4+1 FREE,KN6005
3691213691214,KNOPPERS 25G 5+1 VALUE PACK,KN6004
4014400915235,KNOPPERS 25GX5+1,KN6002
1676321980872,KNOPPERS 25GX6 + 1 BAG FREE,KN6006
9792055297931,KNOPPERS 25GX6 VALUE PACK,KN5001
0791689058801,RITTER SPORT PISTACHIO 2X100G SPL OFR,RS9011
1701020011739,RITTER SPORT CHOC CUBES MIX 176G@10% OFF,RS9300
1701020011838,RITTER SPORT CUBES THANK U 176G@10% OFF,RS9301
1701020010633,RITTER SPORT ASSTD CW+CM 100GX3,RS9201
1701020010534,RITTER SPORT ASSTD CW+MA 100GX3,RS9201
1701020011036,RITTER SPORT WH 2X100G,RS9002
0000042046165,RITTER SPORT MINI 2 PK BB 28X33.34G,RS4004
0791689057507,RITTER SPORT MINI NUT SLC 116G 2'S,RS9402
6297001056035,RITTER SPORT CHOC MIX MINI TOWER 2X133G,RS9400
1701020010930,RS ASORTD 2X100G,RS9001
1701020010138,RITTER SPORT COLORFULL CHOCO 100GX2,RS9200
8000380151950,RITTER SPORT DUAL PACK 100GX2,RS9000
1701020006834,ROYAL DANSK BTR COK 340GX2 SPL OFR,RD9006
1701020005332,ROYAL DANSK BUTTER 908G-25% OFF,RD9005
1701020004830,ROYAL DANSK WAFERS 100GX2 SPOFR,RD9003
1701020007534,ROYAL DANSK WFRS ASRT 2X100G@10%OFF,RD9008
1701020000924,SEEBERGER ASST 200GX2 20% OFF,SE6910
6605010000688,SEEBERGER FIGS 200GX2 20% OFF,SE2930
4008258324042,SEEBERGER PRUNES PITTED 500G SP,SE5003
0791689057408,SEEBERGER CRANBERRY 125G + JAR FREE,SE9020
1701020009934,SEEBERGER ORG CASHEW MIX 110G SP,SE9001
1701020010336,SEEBERGER ORG BRAZIL NUT MIX 125G SP,SE9001
1701010011923,LA BALEINE DRUM 600GX2,LB6001
8005110170348,MUTTI CHOPPD TOMATO 4X400G,MT3000
8005110551284,MUTTI PIZZA SAUCE W SPICES 2X400G,MT3002
8005110630415,MUTTI TOMATO PUREE GLS 4X400G,MT3001
0791689058054,NAJJAR COLD MED DARK 255G@20%OFF,NJ9008
0791689056746,PEPPEIDGE FARM GOLDFISH ASRT 187GX2 10%,PF6002
1701010005281,PEPPEIDGE FARM GOLDFISH CHEDDAR 187GX2,PF5906
1701020012231,PEPPEIDGE FARM GOLDFISH ASRTD 187GX2 10%OFF,PF6002
1701020004335,PEPPEIDGE FARM GOLDFISH ASRTD 187GX2 SPLOFR,PF6001
0791689057415,PEPPEIDGE FARM GOLDFISH ASSORTED 187G SP,PF6004
1701020011937,ST MICHEL MADELEINE 250G @10% OFF,SM6300
0791689057170,ST MICHEL MADELEINE 250G SP,SM6300
1701020010237,ST MICHEL CHOCO BROWNIES 210G SP,SM6200
1701020000429,ST MICHEL 9 GALET ASSRTD 2X150G 30% OFF,SM6003
1701020007237,ST MICHEL DNUT ASRT 180G@SP,SM6006
1701010013125,ST MICHEL MINI MADELEINES 175GX2,SM6002
0791689057378,NAJJAR LE BRESILIEN CARDAMON 2X250G,NJ9020
0791689057354,NAJJAR SELECTION CARDAMON 2X200G,NJ9002
